"sum"	"cluster_id"	"main_sequence"	"library"	"mRNA_All"	"mRNA_53"
2535437	2315	"NPGASAL"	1919415	615989	33
2535425	2314	"NPGASAL"	1919415	615989	21
2535425	2314	"NPGASAL"	1919415	615989	21
2535425	2314	"NPGASAL"	1919415	615989	21
2535425	2314	"NPGASAL"	1919415	615989	21
2533925	2315	"NPGASAL"	1918316	615601	8
2533917	2314	"NPGASAL"	1918316	615601	NA
1901063	1662	"TDPPSAD"	1438814	461492	757
1728711	1143	"TDPPSAD"	1308806	419525	380
1501587	1090	"PPGTPAP"	1137125	364433	29
1491259	2018	"APGVWVR"	1130865	359834	560
1439960	605	"NPGASAL"	1089980	349958	22
1375317	2756	"WADAECE"	1042784	332259	274
1365188	1663	"TDPPSAD"	1033398	331744	46
1365014	1663	"TDPPSAD"	1033268	331689	57
1347332	0	"SPSTSRT"	1020249	326506	577
1339995	1411	"NPGASAL"	1014590	325322	83
1324958	2987	"APGVWVR"	1004316	320330	312
1297932	493	"SPSTSRT"	983495	314116	321
1283889	375	"DTVTWRK"	973437	310432	20
1282081	375	"DTVTWRK"	971940	310082	59
1282063	375	"DTVTWRK"	971940	310082	41
1275121	1664	"PPEDQDG"	965924	309108	89
1273978	495	"GPASDTT"	963679	309796	503
1263460	1411	"NPGASAL"	956562	306440	458
1250995	2923	"DTVTWRK"	948135	302736	124
1250542	2690	"TDPPSAD"	947121	303343	78
1247666	2920	"DTVTWRK"	945629	301946	91
1230719	104	"TERHPDG"	931419	298826	474
1221772	846	"DGSGGPG"	925379	296331	62
1221754	846	"DGSGGPG"	925379	296331	44
1205011	1412	"NPGASAL"	912497	292390	124
1195597	0	"SPSTSRT"	906003	289505	89
1173826	2756	"APGVWVR"	889887	283691	248
1142198	444	"TDPPSAD"	865398	276784	16
1131010	2758	"DTVTWRK"	856821	273768	421
1067669	846	"NPGASAL"	808469	259187	13
1057161	375	"DTVTWRK"	801452	255693	16
1054072	375	"DTVTWRK"	799127	254930	15
1054070	375	"DTVTWRK"	799127	254930	13
1054070	375	"DTVTWRK"	799127	254930	13
1054070	375	"DTVTWRK"	799127	254930	13
1054070	375	"DTVTWRK"	799127	254930	13
1054058	375	"DTVTWRK"	799127	254930	1
1054057	375	"DTVTWRK"	799127	254930	NA
1032581	496	"TDPPSAD"	781757	250720	104
1025688	652	"FGPGTDF"	775966	249347	375
1005970	495	"LSPASDP"	761806	244151	13
1004319	846	"DGSGGPG"	760574	243743	2
1004317	846	"DGSGGPG"	760574	243743	NA
1000942	259	"FGPGTDF"	757488	243436	18
1000852	846	"DGSGGPG"	758047	242798	7
1000850	846	"DGSGGPG"	758047	242798	5
1000850	846	"DGSGGPG"	758047	242798	5
1000850	846	"DGSGGPG"	758047	242798	5
1000850	846	"DGSGGPG"	758047	242798	5
971268	2690	"TDPPSAD"	735350	235911	7
971267	2690	"TDPPSAD"	735350	235911	6
971267	2690	"TDPPSAD"	735350	235911	6
971267	2690	"TDPPSAD"	735350	235911	6
971267	2690	"TDPPSAD"	735350	235911	6
971263	2690	"TDPPSAD"	735350	235911	2
971261	2690	"TDPPSAD"	735350	235911	NA
962872	1412	"NPGASAL"	729124	233554	194
952007	1412	"NPGASAL"	720847	231115	45
940526	131	"IAVAWCE"	713302	227038	186
924113	0	"SPSTSRT"	700330	223578	205
922701	418	"AFRTPNP"	698642	223998	61
922143	1143	"TDPPSAD"	698374	223572	197
921338	1834	"GCVVSAF"	698324	222944	70
917204	1412	"NPGASAL"	694259	222762	183
907927	1412	"NPGASAL"	687712	220111	104
905693	0	"SPSTSRT"	686352	219304	37
905679	0	"SPSTSRT"	686352	219304	23
900706	375	"WADAECE"	682466	218124	116
893699	2315	"TDPPSAD"	676991	216683	25
888434	2354	"TDPPSAD"	672058	216014	362
879948	375	"WADAECE"	666841	213054	53
876302	418	"AFRTPNP"	663610	212606	86
872061	36	"APGVWVR"	661661	210281	119
869604	38	"PPGTPAP"	658464	211083	57
867689	1	"NPGASAL"	657570	210087	32
867063	2753	"FVAGATL"	656176	210717	170
860614	1	"NPGASAL"	652277	208314	23
860435	2753	"SGTPRLP"	651438	208936	61
850043	1649	"PPGTPAP"	643928	205993	122
848371	349	"VRHPEWH"	643125	205205	41
848359	349	"VRHPEWH"	643125	205205	29
842739	1144	"VRHPEWH"	638635	204050	54
836530	2753	"RGQPGRI"	633370	203151	9
834447	1142	"EWLKVIS"	632373	201881	193
832700	42	"DTVTWRK"	631847	200797	56
831316	2753	"RGQPGRI"	629315	201997	4
831316	2753	"RGQPGRI"	629315	201997	4
831316	2753	"RGQPGRI"	629315	201997	4
831316	2753	"RGQPGRI"	629315	201997	4
831316	2753	"RGQPGRI"	629315	201997	4
828018	38	"PPGTPAP"	627340	200621	57
827063	2753	"RGQPGRI"	626077	200986	NA
827063	2753	"RGQPGRI"	626077	200986	0
826975	2755	"TERHPDG"	625582	201088	305
820710	1913	"TDPPSAD"	621259	199379	72
817944	2753	"SGTPRLP"	619109	198809	26
817871	0	"SPSTSRT"	619692	197823	356
816578	104	"VRHPEWH"	618963	197607	8
816576	104	"VRHPEWH"	618963	197607	6
816576	104	"VRHPEWH"	618963	197607	6
816576	104	"VRHPEWH"	618963	197607	6
816576	104	"VRHPEWH"	618963	197607	6
816571	104	"VRHPEWH"	618963	197607	1
816570	104	"VRHPEWH"	618963	197607	NA
813971	104	"VRHPEWH"	616982	196985	4
813933	38	"PPGTPAP"	616395	197460	78
813406	653	"EQPLPQR"	615750	197558	98
806285	445	"TDPPSAD"	610410	195772	103
801930	2318	"DIPADVM"	607061	194747	122
800804	38	"PPGTPAP"	606244	194362	198
797102	104	"TERHPDG"	604151	192935	16
796685	418	"IPAVPPP"	603018	193609	58
795436	846	"AFRTPNP"	603070	192350	16
788408	1652	"PGPINPP"	596829	191531	48
786786	655	"FGPGTDF"	595126	191357	303
785774	104	"TERHPDG"	595498	190245	31
785769	104	"TERHPDG"	595498	190245	26
784014	104	"VRHPEWH"	594070	189881	63
778042	2753	"PQGGGGW"	588955	188970	117
771112	1664	"PPGAPVP"	583610	187322	180
742181	2753	"TERHPDG"	561673	180346	162
736495	18	"DCIGRDA"	558288	178179	28
736483	18	"DCIGRDA"	558288	178179	16
729431	495	"APALARS"	552007	177412	12
726338	211	"AVEIVGG"	549970	176344	24
724298	741	"DCIGRDA"	549058	175194	46
719537	1094	"RAHGQHY"	544950	174444	143
717288	18	"DCIGRDA"	543759	173516	13
714471	2757	"WADAECE"	541008	173192	271
713492	1757	"TTGGSQA"	540465	172753	274
712455	875	"LSGLCSM"	539583	172809	63
712147	1095	"RAHGQHY"	539486	172620	41
702266	211	"GVVGIGS"	531807	170203	256
699300	273	"APGVWVR"	530616	168675	9
697653	212	"GVVGIGS"	528320	169094	239
697401	211	"GVVGIGS"	528300	168979	122
695982	211	"GVVGIGS"	527128	168733	121
695181	273	"APGVWVR"	527504	167672	5
695178	273	"APGVWVR"	527504	167672	2
695178	273	"APGVWVR"	527504	167672	2
695178	273	"APGVWVR"	527504	167672	2
695178	273	"APGVWVR"	527504	167672	2
694966	273	"APGVWVR"	527322	167643	1
694965	273	"APGVWVR"	527322	167643	NA
690786	1996	"IPAVPPP"	522660	168111	15
689803	273	"APGVWVR"	523336	166459	8
683376	211	"GVVGIGS"	517710	165583	83
677859	1095	"RAHGQHY"	513367	164421	71
675710	679	"ECQSEGI"	511360	164277	73
674733	273	"APGVWVR"	511891	162827	15
674619	2363	"PCASQPG"	511626	162977	16
674249	679	"ECQSEGI"	510250	163941	58
671462	493	"RQAAPMP"	508031	163198	233
671189	211	"GVVGIGS"	508498	162642	49
666629	777	"FGPGTDF"	504383	162102	144
666081	273	"APGVWVR"	505323	160738	20
664365	1046	"FCPLIFG"	504031	160307	27
664357	1046	"FCPLIFG"	504031	160307	19
663829	0	"SPSTSRT"	503024	160707	98
663480	1717	"FCPLIFG"	503320	160120	40
661325	1094	"RAHGQHY"	500985	160198	142
660882	1717	"FCPLIFG"	501439	159419	24
659006	0	"SPSTSRT"	499807	159185	14
658979	1759	"TTGGSQA"	499197	159635	147
656819	1046	"FCPLIFG"	498249	158556	14
655892	1046	"FCPLIFG"	497551	158334	7
655890	1046	"FCPLIFG"	497551	158334	5
655890	1046	"FCPLIFG"	497551	158334	5
655890	1046	"FCPLIFG"	497551	158334	5
655890	1046	"FCPLIFG"	497551	158334	5
655886	1046	"FCPLIFG"	497551	158334	1
655885	1046	"FCPLIFG"	497551	158334	NA
654385	273	"NSKRWNP"	495804	158308	273
654203	452	"RGMPRGL"	495427	158530	246
654003	104	"TERHPDG"	495479	158376	148
652672	2	"KCRPVNQ"	495339	157309	24
652666	2	"KCRPVNQ"	495339	157309	18
651029	1759	"TTGGSQA"	493051	157844	134
650697	1096	"RAHGQHY"	493035	157575	87
650643	211	"AVEIVGG"	492849	157785	9
650639	211	"AVEIVGG"	492849	157785	5
650639	211	"AVEIVGG"	492849	157785	5
650639	211	"AVEIVGG"	492849	157785	5
650639	211	"AVEIVGG"	492849	157785	5
650606	104	"VRHPEWH"	493022	157513	71
649208	211	"AVEIVGG"	491749	157455	4
649204	211	"AVEIVGG"	491749	157455	NA
648704	2363	"PCASQPG"	492065	156601	38
648691	2363	"PCASQPG"	492065	156601	25
645528	1717	"FCPLIFG"	489774	155724	30
645121	495	"WRAAPKA"	488352	156769	NA
645121	495	"WRAAPKA"	488352	156769	0
642895	18	"DCIGRDA"	487016	155625	254
642756	38	"PPGTPAP"	486510	156226	20
642753	38	"PPGTPAP"	486510	156226	17
642707	742	"DCIGRDA"	486902	155575	230
642670	2016	"FCPLIFG"	487499	155044	127
639172	104	"TERHPDG"	484279	154791	102
636556	678	"EDDNDEG"	481556	154985	15
635770	495	"WRAAPKA"	481272	154495	3
635770	495	"WRAAPKA"	481272	154495	3
635770	495	"WRAAPKA"	481272	154495	3
635770	495	"WRAAPKA"	481272	154495	3
635770	495	"WRAAPKA"	481272	154495	3
635495	2364	"PCASQPG"	481993	153278	224
635152	1829	"GCVVSAF"	481596	153408	148
634460	1046	"FCPLIFG"	481243	153209	8
631064	2365	"PCASQPG"	478688	152248	128
630146	2019	"FCPLIFG"	477855	152063	228
626361	2362	"SGHPCLN"	475100	151035	226
624648	2363	"PCASQPG"	473942	150697	9
624646	2363	"PCASQPG"	473942	150697	7
624646	2363	"PCASQPG"	473942	150697	7
624646	2363	"PCASQPG"	473942	150697	7
624646	2363	"PCASQPG"	473942	150697	7
624641	2363	"PCASQPG"	473942	150697	2
624639	2363	"PCASQPG"	473942	150697	NA
623976	2363	"PCASQPG"	473432	150529	15
622064	2142	"LFPNADS"	471577	150445	42
620133	2453	"VPAWSGP"	469365	150693	75
616099	2129	"NSKRWNP"	466333	149748	18
615943	678	"AEGCEAL"	465936	150004	3
615940	678	"AEGCEAL"	465936	150004	NA
615687	0	"SPSTSRT"	466393	149229	65
613974	384	"SPSTSRT"	465348	148615	11
612602	1718	"SGHPCLN"	464801	147736	65
611374	1141	"EWLKVIS"	463200	147913	261
611324	1095	"GSLQGPI"	463216	148098	10
609813	211	"GSGGNDA"	461538	148230	45
609783	211	"AVEIVGG"	461873	147880	30
608972	1661	"TGPASPS"	461084	147804	84
608921	0	"SPSTSRT"	461196	147677	48
607291	9	"QTDLPFH"	459792	147261	238
607033	2452	"VPAWSGP"	459539	147440	54
606084	2416	"GCVVSAF"	459538	146293	253
605781	1095	"GSLQGPI"	458997	146783	1
605780	1095	"GSLQGPI"	458997	146783	NA
605735	1095	"GSLQGPI"	458957	146773	5
605734	1095	"GSLQGPI"	458957	146773	4
605734	1095	"GSLQGPI"	458957	146773	4
605734	1095	"GSLQGPI"	458957	146773	4
605734	1095	"GSLQGPI"	458957	146773	4
605268	1136	"PYPDPAI"	458442	146796	30
605264	1136	"PYPDPAI"	458442	146796	26
602826	741	"DCIGRDA"	456846	145909	71
602206	211	"AVEIVGG"	456109	146072	25
601486	104	"TERHPDG"	455765	145672	49
600641	1831	"GCVVSAF"	455174	145227	240
595827	2129	"NSKRWNP"	450922	144904	1
595826	2129	"NSKRWNP"	450922	144904	NA
595216	2129	"NSKRWNP"	450456	144757	3
595215	2129	"NSKRWNP"	450456	144757	2
595215	2129	"NSKRWNP"	450456	144757	2
595215	2129	"NSKRWNP"	450456	144757	2
595215	2129	"NSKRWNP"	450456	144757	2
594894	273	"WRSVPEL"	450961	143845	88
594368	2420	"GCVVSAF"	450760	143534	74
591926	493	"RQAAPMP"	448167	143621	138
591873	495	"ALARVPA"	447582	144246	45
591303	2235	"FCPLIFG"	448501	142738	64
590545	546	"TGPASPS"	447002	143510	33
590342	546	"TGPASPS"	446844	143476	22
589359	2005	"AAPTADS"	446306	143039	14
588340	2143	"GGPTAYP"	445879	142381	80
587886	2177	"DGSGGPG"	444978	142895	13
587774	2005	"AAPTADS"	445097	142654	23
585894	1095	"RAHGQHY"	443852	142029	13
584868	2129	"NSKRWNP"	442706	142147	15
578774	2125	"NSKRWNP"	437998	140699	77
578184	2129	"NSKRWNP"	437555	140596	33
578172	2129	"NSKRWNP"	437555	140596	21
577176	452	"RGMPRGL"	437526	139595	55
577017	2005	"FLATTPN"	436780	140114	123
576825	42	"DTVTWRK"	437421	139171	233
574648	1095	"GSLQGPI"	435227	139190	231
572783	9	"QTDLPFH"	433620	139157	6
571851	1144	"APGVWVR"	433374	138428	49
569406	2125	"NSKRWNP"	430880	138481	45
568025	2131	"RVTRPLP"	430217	137596	212
567224	9	"QTDLPFH"	429375	137707	142
567101	679	"TLEGAEA"	429103	137951	47
564737	1144	"APGVWVR"	427962	136718	57
563608	1095	"RAHGQHY"	426874	136690	44
558020	452	"RGMPRGL"	422611	135370	39
554147	9	"QTDLPFH"	419372	134707	68
552097	2005	"LEQPTYR"	417937	134157	3
552094	2005	"LEQPTYR"	417937	134157	NA
547513	211	"VRSGGTT"	414467	132995	51
546010	1095	"RAHGQHY"	413585	132212	213
542881	2125	"ASNPDGC"	410842	131984	55
542653	9	"QTDLPFH"	410828	131777	48
541249	273	"WRSVPEL"	410457	130653	139
538050	1136	"PPGTPAP"	407547	130490	13
536111	273	"WRSVPEL"	406510	129377	224
535595	2177	"SGGSRGG"	405616	129945	34
534173	495	"RQAAPMP"	404408	129714	51
534132	1651	"ARVPRLP"	404580	129528	24
534124	1651	"ARVPRLP"	404580	129528	16
528570	38	"PPGTPAP"	400314	128136	120
528322	2925	"PYPDPAI"	400354	127746	222
526954	2005	"APTADSP"	398697	128248	9
524166	651	"PGPINPP"	396820	127320	26
522546	273	"WRSVPEL"	396325	126089	132
520836	651	"PGPINPP"	394294	126525	17
519426	9	"QTDLPFH"	393306	126085	35
519098	419	"PPGAPVP"	393218	125806	74
518740	2005	"LEQPTYR"	392774	125959	7
518737	2005	"LEQPTYR"	392774	125959	4
518737	2005	"LEQPTYR"	392774	125959	4
518737	2005	"LEQPTYR"	392774	125959	4
518737	2005	"LEQPTYR"	392774	125959	4
517567	2231	"IHPSARS"	391979	125369	219
517465	452	"SGTPRLP"	391918	125376	171
516132	9	"QTDLPFH"	390723	125199	210
515774	2363	"SGHPCLN"	391204	124540	30
515688	2363	"SGHPCLN"	391165	124474	49
514457	2144	"EPYKYWP"	389592	124757	108
514018	1233	"EDDNDEG"	388783	125212	23
511182	681	"SDREGQC"	386768	124199	215
510672	2363	"SGHPCLN"	387325	123321	26
510360	9	"QTDLPFH"	386395	123842	123
509606	42	"DTVTWRK"	386474	123069	63
507039	1651	"LTSRPAQ"	384095	122937	7
506046	2873	"TTGGSQA"	383140	122838	68
504525	1138	"APALARS"	381817	122599	109
502706	2178	"DGSGGPG"	380729	121928	49
500850	1651	"LTSRPAQ"	379582	121268	NA
500850	1651	"LTSRPAQ"	379582	121268	0
500256	1651	"LTSRPAQ"	379229	121022	5
500256	1651	"LTSRPAQ"	379229	121022	5
500256	1651	"LTSRPAQ"	379229	121022	5
500256	1651	"LTSRPAQ"	379229	121022	5
500256	1651	"LTSRPAQ"	379229	121022	5
499860	1110	"IPAVPPP"	378145	121710	5
498185	680	"SDREGQC"	377161	120903	121
497659	1813	"CGGQSAN"	377339	120292	28
495510	548	"VAGVVAG"	375072	120352	86
489930	2145	"RFPAETY"	370985	118750	195
489579	1811	"CGYATVT"	371089	118310	180
487037	2177	"SGGSRGG"	369114	117894	29
486637	2731	"KFWICKK"	369260	117286	91
484814	1814	"CGGQSAN"	367525	117258	31
484709	2731	"AGTYVCL"	367909	116788	12
484649	2731	"AGTYVCL"	367880	116748	21
484645	2731	"AGTYVCL"	367880	116748	17
483994	2456	"GSLQGPI"	366478	117392	124
483433	2142	"AEDPYAI"	366177	117220	36
478754	1913	"PPEDQDG"	362897	115812	45
478101	2142	"AEDPYAI"	362129	115921	51
477892	2731	"KFWICKK"	362684	115120	88
476321	273	"WRSVPEL"	361029	115250	42
475259	2	"KCRPVNQ"	360813	114439	7
473791	1814	"CGGQSAN"	359369	114402	20
473787	1814	"CGGQSAN"	359369	114402	16
473685	259	"FGPGTDF"	358279	115358	48
472510	1816	"CGGQSAN"	358197	114152	161
471869	1813	"CGGQSAN"	357867	113993	9
471025	1813	"CGGQSAN"	357201	113774	50
470896	1815	"CGGQSAN"	356990	113820	86
470837	2734	"AGTYVCL"	357327	113352	158
468644	1815	"CGGQSAN"	355317	113240	87
468420	1136	"APALARS"	354473	113765	182
468359	273	"WRSVPEL"	354931	113371	57
468196	505	"IAVAWCE"	354739	113448	9
468089	2145	"AEDPYAI"	354327	113562	200
468046	2730	"AGTYVCL"	355403	112641	2
468045	2730	"AGTYVCL"	355403	112641	1
468045	2730	"AGTYVCL"	355403	112641	1
468045	2730	"AGTYVCL"	355403	112641	1
468045	2730	"AGTYVCL"	355403	112641	1
467549	505	"IAVAWCE"	354248	113295	6
467547	505	"IAVAWCE"	354248	113295	4
467547	505	"IAVAWCE"	354248	113295	4
467547	505	"IAVAWCE"	354248	113295	4
467547	505	"IAVAWCE"	354248	113295	4
467544	505	"IAVAWCE"	354248	113295	1
467543	505	"IAVAWCE"	354248	113295	NA
466404	2731	"AGTYVCL"	354177	112219	8
466045	2731	"AGTYVCL"	353762	112235	48
465991	2730	"AGTYVCL"	353878	112112	1
465990	2730	"AGTYVCL"	353878	112112	NA
465374	1814	"CGGQSAN"	352936	112431	7
465131	1650	"SGTPRLP"	352121	112825	185
464155	1814	"CGGQSAN"	351979	112124	52
463505	36	"APGVWVR"	351871	111596	38
463504	2876	"VRSGGTT"	350975	112353	176
462246	680	"EDDNDEG"	349681	112499	66
460647	2731	"AGTYVCL"	349756	110871	20
459413	678	"TLEGAEA"	347448	111956	9
459410	678	"TLEGAEA"	347448	111956	6
459410	678	"TLEGAEA"	347448	111956	6
459410	678	"TLEGAEA"	347448	111956	6
459410	678	"TLEGAEA"	347448	111956	6
459219	2731	"AGTYVCL"	348657	110520	42
457359	1813	"CGYATVT"	346804	110548	7
457358	1813	"CGYATVT"	346804	110548	6
457358	1813	"CGYATVT"	346804	110548	6
457358	1813	"CGYATVT"	346804	110548	6
457358	1813	"CGYATVT"	346804	110548	6
457352	1813	"CGYATVT"	346804	110548	NA
457352	1813	"CGYATVT"	346804	110548	0
453211	2731	"AGTYVCL"	344147	109036	28
452950	1091	"EQPLPQR"	342912	109993	45
452618	654	"GPIGNQH"	342388	110124	106
451542	2144	"EPKAPYA"	341979	109471	92
448142	1232	"EDDNDEG"	338637	109491	14
448138	1232	"EDDNDEG"	338637	109491	10
445955	2354	"IPITLTI"	337659	108217	79
444007	1659	"PSSPGTP"	336385	107587	35
443350	349	"VRHPEWH"	336117	107224	9
442021	1843	"PPEDQDG"	334542	107328	151
441526	1475	"GERPFCC"	334677	106767	82
437211	350	"VRHPEWH"	331258	105792	161
433095	1	"NPGASAL"	327859	105070	166
430440	42	"DTVTWRK"	326381	103970	89
429694	452	"APGARAA"	325331	104312	51
429608	875	"INSGSGA"	325333	104247	28
428839	1657	"PSSPGTP"	324811	103978	50
423245	1232	"EDDNDEG"	319909	103329	7
422964	2178	"VPGSPVC"	320016	102859	89
420794	259	"FGPGTDF"	318373	102410	11
420789	259	"FGPGTDF"	318373	102410	6
420132	2235	"AGLACPP"	318618	101492	22
419794	2357	"FRRTTPP"	317846	101781	167
412536	349	"ATDPWHL"	312822	99708	6
412534	349	"ATDPWHL"	312822	99708	4
412534	349	"ATDPWHL"	312822	99708	4
412534	349	"ATDPWHL"	312822	99708	4
412534	349	"ATDPWHL"	312822	99708	4
411274	349	"ATDPWHL"	311882	99388	4
410629	349	"ATDPWHL"	311380	99247	2
410627	349	"ATDPWHL"	311380	99247	NA
404832	607	"PYPDPAI"	306748	97925	159
401863	384	"PSSPGTP"	304129	97728	6
401860	384	"PSSPGTP"	304129	97728	3
401860	384	"PSSPGTP"	304129	97728	3
401860	384	"PSSPGTP"	304129	97728	3
401860	384	"PSSPGTP"	304129	97728	3
401860	384	"PSSPGTP"	304129	97728	3
401857	384	"PSSPGTP"	304129	97728	NA
401716	1550	"EQQWPGA"	304711	96972	33
401459	2980	"FGPGTDF"	303592	97849	18
400944	2509	"HHLPLRP"	303506	97431	7
393740	505	"IAVAWCE"	298447	95284	9
393444	1649	"ARVPRLP"	298178	95239	27
390867	1142	"FGRLWIQ"	296219	94491	157
376447	1550	"WASLWNW"	285621	90794	32
373392	349	"WRSVPEL"	283197	90169	26
373386	211	"AVEIVGG"	282729	90647	10
372498	1231	"EDDNDEG"	281970	90442	86
370523	1475	"TGLCSCK"	280973	89546	4
370522	1475	"TGLCSCK"	280973	89546	3
370522	1475	"TGLCSCK"	280973	89546	3
370522	1475	"TGLCSCK"	280973	89546	3
370522	1475	"TGLCSCK"	280973	89546	3
370521	1475	"TGLCSCK"	280973	89546	2
370519	1475	"TGLCSCK"	280973	89546	NA
367488	495	"DPARPFA"	278347	89126	15
367484	495	"DPARPFA"	278347	89126	11
365676	1475	"TGLCSCK"	277293	88374	9
365218	807	"ARVPRLP"	276813	88369	36
359799	259	"FGPGTDF"	272063	87697	39
356051	2872	"AIAGGAL"	269639	86412	NA
356051	2872	"AIAGGAL"	269639	86412	0
355174	2177	"TTGGSQA"	269261	85909	4
355172	2177	"TTGGSQA"	269261	85909	2
355172	2177	"TTGGSQA"	269261	85909	2
355172	2177	"TTGGSQA"	269261	85909	2
355172	2177	"TTGGSQA"	269261	85909	2
353450	2177	"TTGGSQA"	267973	85475	2
353448	2177	"TTGGSQA"	267973	85475	NA
352775	1650	"IRPRPRP"	267591	85123	61
343375	2873	"AIAGGAL"	259987	83386	2
343375	2873	"AIAGGAL"	259987	83386	2
343375	2873	"AIAGGAL"	259987	83386	2
343375	2873	"AIAGGAL"	259987	83386	2
343375	2873	"AIAGGAL"	259987	83386	2
331600	1001	"ACNNCYC"	251503	80070	27
329794	1091	"EQPLPQR"	249433	80287	74
326421	1001	"ACNNCYC"	247592	78807	22
322600	1503	"TGLCSCK"	244824	77753	23
321242	286	"AGTYVCL"	243768	77358	116
315896	1138	"SAAPAAP"	239229	76602	65
315393	43	"VRHPEWH"	238988	76369	36
313799	349	"WHVPEAS"	237933	75838	28
311291	1550	"IAWESPQ"	235925	75233	133
309767	349	"WHVPEAS"	234822	74927	18
304989	1723	"GVVGIGS"	231430	73531	28
303437	38	"PPGTPAP"	229535	73782	120
301648	1727	"GVVGIGS"	228852	72774	22
299544	500	"HHLPLRP"	226496	73043	5
299310	2517	"HHLPLRP"	226704	72565	41
292912	2872	"SGGSRGG"	221796	71105	11
291764	2560	"ACNNCYC"	221113	70647	4
289895	500	"PLEDFEP"	219418	70464	13
289892	500	"PLEDFEP"	219418	70464	10
289080	2560	"ACNNCYC"	219064	70016	NA
289080	2560	"ACNNCYC"	219064	70016	0
287491	2560	"ACNNCYC"	217860	69628	3
287491	2560	"ACNNCYC"	217860	69628	3
287491	2560	"ACNNCYC"	217860	69628	3
287491	2560	"ACNNCYC"	217860	69628	3
287491	2560	"ACNNCYC"	217860	69628	3
287169	1727	"QLFGCIA"	217737	69384	48
279365	1550	"VPAWSGP"	212000	67358	7
279359	1550	"VPAWSGP"	212000	67358	1
279359	1550	"VPAWSGP"	212000	67358	1
279359	1550	"VPAWSGP"	212000	67358	1
279359	1550	"VPAWSGP"	212000	67358	1
279248	2872	"SGGSRGG"	211492	67750	6
278576	1550	"VPAWSGP"	211418	67151	7
278575	1550	"VPAWSGP"	211418	67151	6
278569	1550	"VPAWSGP"	211418	67151	NA
266338	1729	"GRGLVLP"	201827	64425	86
264471	505	"TPWGVFL"	200284	64119	68
263495	1231	"EDDNDEG"	199051	64388	56
260265	2511	"HHLPLRP"	197129	63103	33
258715	2373	"ACNNCYC"	196189	62506	20
253425	2017	"GERPFCC"	192214	61174	37
245839	999	"ACNNCYC"	186383	59417	39
244898	628	"TTGGSQA"	185476	59330	92
244363	2872	"VRSGGTT"	184997	59362	4
241884	2016	"GERPFCC"	183467	58397	20
240974	1001	"TGLCSCK"	182601	58293	80
238228	2016	"GERPFCC"	180640	57578	10
238228	2015	"GERPFCC"	180640	57578	10
235409	1142	"DKRRPPS"	178718	56680	11
235409	1142	"DKRRPPS"	178718	56680	11
233827	2015	"GERPFCC"	177320	56497	10
232970	451	"VPGSPVC"	176254	56706	10
232970	451	"VPGSPVC"	176254	56706	10
229289	2016	"GERPFCC"	173885	55398	6
228216	2563	"CRGAGQC"	172826	55360	30
226300	1727	"GLIILLL"	171693	54584	23
224835	2016	"GERPFCC"	170583	54248	4
224831	2015	"GERPFCC"	170583	54248	NA
224831	2015	"GERPFCC"	170583	54248	0
224831	2016	"GERPFCC"	170583	54248	0
224831	2016	"GERPFCC"	170583	54248	0
224831	2016	"GERPFCC"	170583	54248	0
224831	2016	"GERPFCC"	170583	54248	0
224831	2016	"GERPFCC"	170583	54248	0
223843	2015	"GERPFCC"	169783	54048	12
223472	653	"PGPSTAF"	168896	54557	19
222247	1477	"ACNNCYC"	168433	53744	70
220149	2018	"GERPFCC"	166886	53217	46
220055	2020	"GERPFCC"	166853	53120	82
212169	1503	"CRGAGQC"	160805	51341	23
211622	1650	"CPRPPRA"	160345	51233	44
210235	1350	"WASLWNW"	159331	50814	90
210109	2021	"GERPFCC"	159266	50772	71
208505	2131	"EVPPRIK"	158097	50401	7
207602	1989	"ALARVPA"	157045	50506	51
201693	259	"FGPGTDF"	152504	49140	49
193579	1503	"CRGAGQC"	146703	46858	18
191985	2354	"PPAKTKK"	145158	46806	21
186006	1233	"EEEEEAA"	140542	45446	18
167132	1230	"EEDCAEF"	126531	40541	60
162188	654	"PGPSTAF"	122624	39533	31
145671	2004	"RRPPTTA"	110110	35510	51
122556	2005	"RTTPPTT"	92629	29919	8
119544	2353	"RRPPTTA"	90388	29146	10
76922	1251	"GAPPKVP"	58340	18581	1
76922	1251	"GAPPKVP"	58340	18581	1
76921	1251	"GAPPKVP"	58340	18581	NA
76921	1251	"GAPPKVP"	58340	18581	0
76921	1251	"GAPPKVP"	58340	18581	0
76921	1251	"GAPPKVP"	58340	18581	0
76921	1251	"GAPPKVP"	58340	18581	0
75168	2131	"PPKPRRR"	56956	18180	32
63661	1141	"VAPGPPA"	48221	15434	6
63099	1141	"VAPGPPA"	47791	15302	6
58661	2873	"GGGGSAR"	44329	14325	7
56264	1913	"PPPYRPD"	42498	13759	7
56262	1913	"PPPYRPD"	42496	13759	7
42159	2872	"GGGGSAR"	31883	10276	0
39671	1232	"EEEEEEV"	30003	9668	NA
39671	1232	"EEEEEEV"	30003	9668	0
39374	1231	"EEEEEEV"	29784	9588	2
39373	1233	"EEEEEEV"	29784	9588	1
39075	1232	"EEEEEEV"	29553	9522	0
